time,lineID,directionId,distanceFromPoint,pointId,convert,date
1631165098080,33,2177,0.0,3633,2021-09-09 05:24:58.080,2021-09-09
1631165129928,33,2177,0.0,3633,2021-09-09 05:25:29.928,2021-09-09
1631165161467,33,2177,0.0,3633,2021-09-09 05:26:01.467,2021-09-09
1631165193007,33,2177,0.0,3633,2021-09-09 05:26:33.007,2021-09-09
1631165224547,33,2177,0.0,3633,2021-09-09 05:27:04.547,2021-09-09
1631165254960,33,2177,0.0,3633,2021-09-09 05:27:34.960,2021-09-09
1631165285578,33,2177,0.0,3633,2021-09-09 05:28:05.578,2021-09-09
1631165316299,33,2177,0.0,3633,2021-09-09 05:28:36.299,2021-09-09
1631165348044,33,2177,0.0,3633,2021-09-09 05:29:08.044,2021-09-09
1631165380095,33,2177,0.0,3633,2021-09-09 05:29:40.095,2021-09-09
1631165412762,33,2177,0.0,3633,2021-09-09 05:30:12.762,2021-09-09
1631165444712,33,2177,0.0,3633,2021-09-09 05:30:44.712,2021-09-09
1631165477070,33,2177,0.0,3633,2021-09-09 05:31:17.070,2021-09-09
1631165540457,33,3221,435.0,6353,2021-09-09 05:32:20.457,2021-09-09
1631165572714,33,3221,78.0,3630,2021-09-09 05:32:52.714,2021-09-09
1631165572714,33,2177,0.0,2212,2021-09-09 05:32:52.714,2021-09-09
1631165604049,33,3221,297.0,3630,2021-09-09 05:33:24.049,2021-09-09
1631165604049,33,2177,0.0,2212,2021-09-09 05:33:24.049,2021-09-09
1631165634872,33,3221,341.0,3630,2021-09-09 05:33:54.872,2021-09-09
1631165634872,33,2177,0.0,2212,2021-09-09 05:33:54.872,2021-09-09
1631165666514,33,3221,196.0,1781,2021-09-09 05:34:26.514,2021-09-09
1631165666514,33,2177,371.0,2212,2021-09-09 05:34:26.514,2021-09-09
1631165698361,33,3221,0.0,2392,2021-09-09 05:34:58.361,2021-09-09
1631165698361,33,2177,0.0,2578,2021-09-09 05:34:58.361,2021-09-09
1631165730823,33,3221,77.0,2392,2021-09-09 05:35:30.823,2021-09-09
1631165730823,33,2177,0.0,2578,2021-09-09 05:35:30.823,2021-09-09
1631165764308,33,3221,202.0,2392,2021-09-09 05:36:04.308,2021-09-09
1631165764308,33,2177,44.0,2578,2021-09-09 05:36:04.308,2021-09-09
1631165795950,33,3221,48.0,1707,2021-09-09 05:36:35.950,2021-09-09
1631165795950,33,2177,53.0,2578,2021-09-09 05:36:35.950,2021-09-09
1631165827490,33,3221,48.0,1707,2021-09-09 05:37:07.490,2021-09-09
1631165827490,33,2177,143.0,2578,2021-09-09 05:37:07.490,2021-09-09
1631165860566,33,3221,48.0,1707,2021-09-09 05:37:40.566,2021-09-09
1631165860566,33,2177,143.0,2578,2021-09-09 05:37:40.566,2021-09-09
1631165892208,33,3221,48.0,1707,2021-09-09 05:38:12.208,2021-09-09
1631165892208,33,2177,184.0,2578,2021-09-09 05:38:12.208,2021-09-09
1631165923338,33,3221,48.0,1707,2021-09-09 05:38:43.338,2021-09-09
1631165923338,33,2177,448.0,2578,2021-09-09 05:38:43.338,2021-09-09
1631165956619,33,2177,448.0,2578,2021-09-09 05:39:16.619,2021-09-09
1631165988532,33,2177,448.0,2578,2021-09-09 05:39:48.532,2021-09-09
1631166020722,33,2177,448.0,2578,2021-09-09 05:40:20.722,2021-09-09
1631166052876,33,2177,32.0,1127,2021-09-09 05:40:52.876,2021-09-09
1631166084519,33,2177,0.0,3633,2021-09-09 05:41:24.519,2021-09-09
1631166084519,33,2177,32.0,1127,2021-09-09 05:41:24.519,2021-09-09
1631166116058,33,2177,0.0,3633,2021-09-09 05:41:56.058,2021-09-09
1631166116058,33,2177,38.0,1376,2021-09-09 05:41:56.058,2021-09-09
1631166147292,33,2177,0.0,3633,2021-09-09 05:42:27.292,2021-09-09
1631166147292,33,2177,49.0,1376,2021-09-09 05:42:27.292,2021-09-09
1631166178626,33,2177,0.0,3633,2021-09-09 05:42:58.626,2021-09-09
1631166178626,33,2177,49.0,1376,2021-09-09 05:42:58.626,2021-09-09
1631166210991,33,2177,0.0,3633,2021-09-09 05:43:30.991,2021-09-09
1631166210991,33,2177,49.0,1376,2021-09-09 05:43:30.991,2021-09-09
1631166243651,33,2177,0.0,3633,2021-09-09 05:44:03.651,2021-09-09
1631166243651,33,2177,42.0,1128,2021-09-09 05:44:03.651,2021-09-09
1631166274167,33,2177,0.0,3633,2021-09-09 05:44:34.167,2021-09-09
1631166274167,33,2177,202.0,1128,2021-09-09 05:44:34.167,2021-09-09
1631166304785,33,2177,0.0,3633,2021-09-09 05:45:04.785,2021-09-09
1631166304785,33,2177,144.0,6354,2021-09-09 05:45:04.785,2021-09-09
1631166336837,33,2177,0.0,3633,2021-09-09 05:45:36.837,2021-09-09
1631166336837,33,2177,308.0,6354,2021-09-09 05:45:36.837,2021-09-09
1631166367967,33,2177,0.0,3633,2021-09-09 05:46:07.967,2021-09-09
1631166367967,33,2177,0.0,3505,2021-09-09 05:46:07.967,2021-09-09
1631166400121,33,2177,0.0,3633,2021-09-09 05:46:40.121,2021-09-09
1631166400121,33,2177,0.0,3505,2021-09-09 05:46:40.121,2021-09-09
1631166431645,33,2177,0.0,3633,2021-09-09 05:47:11.645,2021-09-09
1631166431645,33,2177,2.0,3505,2021-09-09 05:47:11.645,2021-09-09
1631166464020,33,2177,0.0,3633,2021-09-09 05:47:44.020,2021-09-09
1631166464020,33,2177,2.0,3505,2021-09-09 05:47:44.020,2021-09-09
1631166495969,33,2177,0.0,3633,2021-09-09 05:48:15.969,2021-09-09
1631166495969,33,2177,42.0,3505,2021-09-09 05:48:15.969,2021-09-09
1631166529055,33,2177,42.0,3505,2021-09-09 05:48:49.055,2021-09-09
1631166560891,33,2177,42.0,3505,2021-09-09 05:49:20.891,2021-09-09
1631166591305,33,2177,42.0,3505,2021-09-09 05:49:51.305,2021-09-09
1631166621821,33,2177,0.0,3633,2021-09-09 05:50:21.821,2021-09-09
1631166621821,33,3221,0.0,2177,2021-09-09 05:50:21.821,2021-09-09
1631166653667,33,2177,54.0,3633,2021-09-09 05:50:53.667,2021-09-09
1631166653667,33,3221,0.0,2177,2021-09-09 05:50:53.667,2021-09-09
1631166686641,33,2177,95.0,3633,2021-09-09 05:51:26.641,2021-09-09
1631166686641,33,3221,0.0,2177,2021-09-09 05:51:26.641,2021-09-09
1631166718897,33,2177,299.0,3633,2021-09-09 05:51:58.897,2021-09-09
1631166718897,33,3221,0.0,2177,2021-09-09 05:51:58.897,2021-09-09
1631166750744,33,2177,359.0,3633,2021-09-09 05:52:30.744,2021-09-09
1631166750744,33,3221,0.0,2177,2021-09-09 05:52:30.744,2021-09-09
1631166781158,33,2177,452.0,3633,2021-09-09 05:53:01.158,2021-09-09
1631166781158,33,3221,0.0,2177,2021-09-09 05:53:01.158,2021-09-09
1631166812704,33,2177,0.0,2212,2021-09-09 05:53:32.704,2021-09-09
1631166812704,33,3221,0.0,2177,2021-09-09 05:53:32.704,2021-09-09
1631166844340,33,2177,192.0,2212,2021-09-09 05:54:04.340,2021-09-09
1631166844340,33,3221,0.0,2177,2021-09-09 05:54:04.340,2021-09-09
1631166876187,33,2177,270.0,2212,2021-09-09 05:54:36.187,2021-09-09
1631166876187,33,3221,0.0,2177,2021-09-09 05:54:36.187,2021-09-09
1631166909877,33,2177,0.0,2578,2021-09-09 05:55:09.877,2021-09-09
1631166909877,33,3221,0.0,2177,2021-09-09 05:55:09.877,2021-09-09
1631166941621,33,2177,10.0,2578,2021-09-09 05:55:41.621,2021-09-09
1631166941621,33,3221,0.0,2177,2021-09-09 05:55:41.621,2021-09-09
1631166974083,33,2177,31.0,2578,2021-09-09 05:56:14.083,2021-09-09
1631166974083,33,3221,0.0,2177,2021-09-09 05:56:14.083,2021-09-09
1631167007056,33,2177,46.0,2578,2021-09-09 05:56:47.056,2021-09-09
1631167007056,33,3221,0.0,2177,2021-09-09 05:56:47.056,2021-09-09
1631167038084,33,2177,70.0,2578,2021-09-09 05:57:18.084,2021-09-09
1631167038084,33,3221,0.0,2177,2021-09-09 05:57:18.084,2021-09-09
1631167069214,33,2177,70.0,2578,2021-09-09 05:57:49.214,2021-09-09
1631167069214,33,3221,0.0,2177,2021-09-09 05:57:49.214,2021-09-09
1631167099422,33,2177,98.0,2578,2021-09-09 05:58:19.422,2021-09-09
1631167099422,33,3221,0.0,2177,2021-09-09 05:58:19.422,2021-09-09
1631167131180,33,2177,98.0,2578,2021-09-09 05:58:51.180,2021-09-09
1631167131180,33,3221,0.0,2177,2021-09-09 05:58:51.180,2021-09-09
1631167161682,33,2177,382.0,2578,2021-09-09 05:59:21.682,2021-09-09
1631167161682,33,3221,0.0,2177,2021-09-09 05:59:21.682,2021-09-09
1631167193325,33,2177,382.0,2578,2021-09-09 05:59:53.325,2021-09-09
1631167193325,33,3221,0.0,2177,2021-09-09 05:59:53.325,2021-09-09
1631167223840,33,2177,382.0,2578,2021-09-09 06:00:23.840,2021-09-09
1631167223840,33,3221,0.0,2177,2021-09-09 06:00:23.840,2021-09-09
1631167256506,33,2177,72.0,1063,2021-09-09 06:00:56.506,2021-09-09
1631167256506,33,3221,0.0,2177,2021-09-09 06:00:56.506,2021-09-09
1631167287022,33,2177,221.0,1063,2021-09-09 06:01:27.022,2021-09-09
1631167287022,33,3221,0.0,2177,2021-09-09 06:01:27.022,2021-09-09
1631167319381,33,2177,0.0,1127,2021-09-09 06:01:59.381,2021-09-09
1631167319381,33,3221,0.0,2177,2021-09-09 06:01:59.381,2021-09-09
1631167351228,33,2177,0.0,1127,2021-09-09 06:02:31.228,2021-09-09
1631167351228,33,3221,0.0,2177,2021-09-09 06:02:31.228,2021-09-09
1631167381641,33,2177,0.0,1127,2021-09-09 06:03:01.641,2021-09-09
1631167381641,33,3221,0.0,2177,2021-09-09 06:03:01.641,2021-09-09
1631167414102,33,2177,58.0,1127,2021-09-09 06:03:34.102,2021-09-09
1631167414102,33,3221,0.0,2177,2021-09-09 06:03:34.102,2021-09-09
1631167446256,33,2177,0.0,1376,2021-09-09 06:04:06.256,2021-09-09
1631167446256,33,3221,0.0,2177,2021-09-09 06:04:06.256,2021-09-09
1631167477591,33,2177,0.0,1376,2021-09-09 06:04:37.591,2021-09-09
1631167477591,33,3221,0.0,2177,2021-09-09 06:04:37.591,2021-09-09
1631167508926,33,2177,126.0,1376,2021-09-09 06:05:08.926,2021-09-09
1631167508926,33,3221,0.0,2177,2021-09-09 06:05:08.926,2021-09-09
1631167540465,33,2177,38.0,1128,2021-09-09 06:05:40.465,2021-09-09
1631167540465,33,3221,0.0,2177,2021-09-09 06:05:40.465,2021-09-09
1631167573438,33,2177,213.0,1128,2021-09-09 06:06:13.438,2021-09-09
1631167573438,33,3221,0.0,2177,2021-09-09 06:06:13.438,2021-09-09
1631167606104,33,2177,213.0,1128,2021-09-09 06:06:46.104,2021-09-09
1631167606104,33,3221,0.0,2177,2021-09-09 06:06:46.104,2021-09-09
1631167637849,33,2177,49.0,6354,2021-09-09 06:07:17.849,2021-09-09
1631167637849,33,3221,40.0,2177,2021-09-09 06:07:17.849,2021-09-09
1631167668365,33,2177,107.0,6354,2021-09-09 06:07:48.365,2021-09-09
1631167668365,33,3221,61.0,2177,2021-09-09 06:07:48.365,2021-09-09
1631167699699,33,2177,408.0,6354,2021-09-09 06:08:19.699,2021-09-09
1631167699699,33,3221,223.0,2177,2021-09-09 06:08:19.699,2021-09-09
1631167733855,33,2177,408.0,6354,2021-09-09 06:08:53.855,2021-09-09
1631167733855,33,3221,42.0,3629,2021-09-09 06:08:53.855,2021-09-09
1631167765543,33,2177,0.0,3505,2021-09-09 06:09:25.543,2021-09-09
1631167765543,33,3221,0.0,6353,2021-09-09 06:09:25.543,2021-09-09
1631167797082,33,2177,0.0,3505,2021-09-09 06:09:57.082,2021-09-09
1631167797082,33,3221,0.0,6353,2021-09-09 06:09:57.082,2021-09-09
1631167828827,33,2177,107.0,3505,2021-09-09 06:10:28.827,2021-09-09
1631167828827,33,3221,44.0,6353,2021-09-09 06:10:28.827,2021-09-09
1631167858933,33,3221,0.0,2177,2021-09-09 06:10:58.933,2021-09-09
1631167858933,33,3221,289.0,6353,2021-09-09 06:10:58.933,2021-09-09
1631167892315,33,3221,0.0,2177,2021-09-09 06:11:32.315,2021-09-09
1631167892315,33,3221,0.0,3630,2021-09-09 06:11:32.315,2021-09-09
1631167923753,33,3221,0.0,2177,2021-09-09 06:12:03.753,2021-09-09
1631167923753,33,3221,0.0,3630,2021-09-09 06:12:03.753,2021-09-09
1631167956214,33,3221,0.0,2177,2021-09-09 06:12:36.214,2021-09-09
1631167956214,33,3221,219.0,3630,2021-09-09 06:12:36.214,2021-09-09
1631167986525,33,3221,0.0,2177,2021-09-09 06:13:06.525,2021-09-09
1631167986525,33,3221,380.0,3630,2021-09-09 06:13:06.525,2021-09-09
1631168017962,33,3221,0.0,2177,2021-09-09 06:13:37.962,2021-09-09
1631168017962,33,3221,38.0,1781,2021-09-09 06:13:37.962,2021-09-09
1631168050423,33,3221,0.0,2177,2021-09-09 06:14:10.423,2021-09-09
1631168050423,33,3221,237.0,1781,2021-09-09 06:14:10.423,2021-09-09
1631168081143,33,3221,0.0,2177,2021-09-09 06:14:41.143,2021-09-09
1631168081143,33,3221,237.0,1781,2021-09-09 06:14:41.143,2021-09-09
1631168115345,33,3221,0.0,2177,2021-09-09 06:15:15.345,2021-09-09
1631168115345,33,3221,42.0,2392,2021-09-09 06:15:15.345,2021-09-09
1631168146782,33,3221,0.0,2177,2021-09-09 06:15:46.782,2021-09-09
1631168146782,33,3221,195.0,2392,2021-09-09 06:15:46.782,2021-09-09
1631168177912,33,3221,0.0,2177,2021-09-09 06:16:17.912,2021-09-09
1631168177912,33,3221,1.0,1707,2021-09-09 06:16:17.912,2021-09-09
1631168210066,33,3221,0.0,2177,2021-09-09 06:16:50.066,2021-09-09
1631168210066,33,2177,56.0,6354,2021-09-09 06:16:50.066,2021-09-09
1631168210066,33,3221,55.0,1707,2021-09-09 06:16:50.066,2021-09-09
1631168240274,33,3221,0.0,2177,2021-09-09 06:17:20.274,2021-09-09
1631168240274,33,2177,56.0,6354,2021-09-09 06:17:20.274,2021-09-09
1631168240274,33,3221,170.0,1707,2021-09-09 06:17:20.274,2021-09-09
1631168271712,33,3221,0.0,2177,2021-09-09 06:17:51.712,2021-09-09
1631168271712,33,2177,56.0,6354,2021-09-09 06:17:51.712,2021-09-09
1631168271712,33,3221,192.0,1707,2021-09-09 06:17:51.712,2021-09-09
1631168302637,33,3221,0.0,2177,2021-09-09 06:18:22.637,2021-09-09
1631168302637,33,2177,0.0,3505,2021-09-09 06:18:22.637,2021-09-09
1631168302637,33,3221,36.0,3320,2021-09-09 06:18:22.637,2021-09-09
1631168335712,33,3221,0.0,2177,2021-09-09 06:18:55.712,2021-09-09
1631168335712,33,2177,0.0,3505,2021-09-09 06:18:55.712,2021-09-09
1631168335712,33,3221,36.0,3320,2021-09-09 06:18:55.712,2021-09-09
1631168369300,33,3221,0.0,2177,2021-09-09 06:19:29.300,2021-09-09
1631168369300,33,2177,0.0,3505,2021-09-09 06:19:29.300,2021-09-09
1631168369300,33,3221,36.0,3320,2021-09-09 06:19:29.300,2021-09-09
1631168402068,33,3221,0.0,2177,2021-09-09 06:20:02.068,2021-09-09
1631168402068,33,2177,271.0,3505,2021-09-09 06:20:02.068,2021-09-09
1631168402068,33,3221,0.0,3221,2021-09-09 06:20:02.068,2021-09-09
1631168433608,33,3221,0.0,2177,2021-09-09 06:20:33.608,2021-09-09
1631168433608,33,2177,424.0,3505,2021-09-09 06:20:33.608,2021-09-09
1631168433608,33,3221,0.0,3221,2021-09-09 06:20:33.608,2021-09-09
1631168464021,33,3221,0.0,2177,2021-09-09 06:21:04.021,2021-09-09
1631168464021,33,2177,448.0,3505,2021-09-09 06:21:04.021,2021-09-09
1631168464021,33,2177,0.0,3633,2021-09-09 06:21:04.021,2021-09-09
1631168494636,33,3221,0.0,2177,2021-09-09 06:21:34.636,2021-09-09
1631168494636,33,2177,459.0,3505,2021-09-09 06:21:34.636,2021-09-09
1631168494636,33,2177,0.0,3633,2021-09-09 06:21:34.636,2021-09-09
1631168524847,33,3221,0.0,2177,2021-09-09 06:22:04.847,2021-09-09
1631168524847,33,2177,495.0,3505,2021-09-09 06:22:04.847,2021-09-09
1631168524847,33,2177,0.0,3633,2021-09-09 06:22:04.847,2021-09-09
1631168555158,33,3221,0.0,2177,2021-09-09 06:22:35.158,2021-09-09
1631168555158,33,2177,511.0,3505,2021-09-09 06:22:35.158,2021-09-09
1631168555158,33,2177,0.0,3633,2021-09-09 06:22:35.158,2021-09-09
1631168586390,33,3221,0.0,2177,2021-09-09 06:23:06.390,2021-09-09
1631168586390,33,2177,0.0,2177,2021-09-09 06:23:06.390,2021-09-09
1631168586390,33,2177,0.0,3633,2021-09-09 06:23:06.390,2021-09-09
1631168617725,33,3221,0.0,2177,2021-09-09 06:23:37.725,2021-09-09
1631168617725,33,3221,0.0,2177,2021-09-09 06:23:37.725,2021-09-09
1631168617725,33,2177,0.0,3633,2021-09-09 06:23:37.725,2021-09-09
1631168649572,33,3221,0.0,2177,2021-09-09 06:24:09.572,2021-09-09
1631168649572,33,3221,0.0,2177,2021-09-09 06:24:09.572,2021-09-09
1631168649572,33,2177,0.0,3633,2021-09-09 06:24:09.572,2021-09-09
1631168682135,33,3221,0.0,2177,2021-09-09 06:24:42.135,2021-09-09
1631168682135,33,3221,0.0,2177,2021-09-09 06:24:42.135,2021-09-09
1631168682135,33,2177,0.0,3633,2021-09-09 06:24:42.135,2021-09-09
1631168714904,33,3221,0.0,2177,2021-09-09 06:25:14.904,2021-09-09
1631168714904,33,3221,0.0,2177,2021-09-09 06:25:14.904,2021-09-09
1631168714904,33,2177,0.0,3633,2021-09-09 06:25:14.904,2021-09-09
1631168747160,33,3221,0.0,2177,2021-09-09 06:25:47.160,2021-09-09
1631168747160,33,3221,0.0,2177,2021-09-09 06:25:47.160,2021-09-09
1631168747160,33,2177,0.0,3633,2021-09-09 06:25:47.160,2021-09-09
1631168778392,33,3221,0.0,2177,2021-09-09 06:26:18.392,2021-09-09
1631168778392,33,3221,0.0,2177,2021-09-09 06:26:18.392,2021-09-09
1631168778392,33,2177,0.0,3633,2021-09-09 06:26:18.392,2021-09-09
1631168810444,33,3221,0.0,2177,2021-09-09 06:26:50.444,2021-09-09
1631168810444,33,3221,0.0,2177,2021-09-09 06:26:50.444,2021-09-09
1631168810444,33,2177,0.0,3633,2021-09-09 06:26:50.444,2021-09-09
1631168842188,33,3221,0.0,2177,2021-09-09 06:27:22.188,2021-09-09
1631168842188,33,3221,0.0,2177,2021-09-09 06:27:22.188,2021-09-09
1631168842188,33,2177,0.0,3633,2021-09-09 06:27:22.188,2021-09-09
1631168873420,33,3221,40.0,2177,2021-09-09 06:27:53.420,2021-09-09
1631168873420,33,3221,0.0,2177,2021-09-09 06:27:53.420,2021-09-09
1631168873420,33,2177,0.0,3633,2021-09-09 06:27:53.420,2021-09-09
1631168903936,33,3221,40.0,2177,2021-09-09 06:28:23.936,2021-09-09
1631168903936,33,3221,0.0,2177,2021-09-09 06:28:23.936,2021-09-09
1631168903936,33,2177,0.0,3633,2021-09-09 06:28:23.936,2021-09-09
1631168937421,33,3221,0.0,3629,2021-09-09 06:28:57.421,2021-09-09
1631168937421,33,3221,0.0,2177,2021-09-09 06:28:57.421,2021-09-09
1631168937421,33,2177,0.0,3633,2021-09-09 06:28:57.421,2021-09-09
1631168970906,33,3221,127.0,3629,2021-09-09 06:29:30.906,2021-09-09
1631168970906,33,3221,0.0,2177,2021-09-09 06:29:30.906,2021-09-09
1631168970906,33,2177,0.0,3633,2021-09-09 06:29:30.906,2021-09-09
1631169001627,33,3221,10.0,6353,2021-09-09 06:30:01.627,2021-09-09
1631169001627,33,3221,0.0,2177,2021-09-09 06:30:01.627,2021-09-09
1631169001627,33,2177,85.0,3633,2021-09-09 06:30:01.627,2021-09-09
1631169032961,33,3221,10.0,6353,2021-09-09 06:30:32.961,2021-09-09
1631169032961,33,3221,0.0,2177,2021-09-09 06:30:32.961,2021-09-09
1631169032961,33,2177,85.0,3633,2021-09-09 06:30:32.961,2021-09-09
1631169064501,33,3221,108.0,6353,2021-09-09 06:31:04.501,2021-09-09
1631169064501,33,3221,0.0,2177,2021-09-09 06:31:04.501,2021-09-09
1631169064501,33,2177,354.0,3633,2021-09-09 06:31:04.501,2021-09-09
1631169098396,33,3221,108.0,6353,2021-09-09 06:31:38.396,2021-09-09
1631169098396,33,3221,0.0,2177,2021-09-09 06:31:38.396,2021-09-09
1631169098396,33,2177,354.0,3633,2021-09-09 06:31:38.396,2021-09-09
1631169130549,33,3221,126.0,6353,2021-09-09 06:32:10.549,2021-09-09
1631169130549,33,3221,0.0,2177,2021-09-09 06:32:10.549,2021-09-09
1631169130549,33,2177,425.0,3633,2021-09-09 06:32:10.549,2021-09-09
1631169161270,33,3221,177.0,6353,2021-09-09 06:32:41.270,2021-09-09
1631169161270,33,3221,0.0,2177,2021-09-09 06:32:41.270,2021-09-09
1631169161270,33,2177,425.0,3633,2021-09-09 06:32:41.270,2021-09-09
1631169194244,33,3221,368.0,6353,2021-09-09 06:33:14.244,2021-09-09
1631169194244,33,3221,0.0,2177,2021-09-09 06:33:14.244,2021-09-09
1631169194244,33,2177,109.0,2212,2021-09-09 06:33:14.244,2021-09-09
1631169225822,33,3221,0.0,3630,2021-09-09 06:33:45.822,2021-09-09
1631169225822,33,3221,0.0,2177,2021-09-09 06:33:45.822,2021-09-09
1631169225822,33,2177,338.0,2212,2021-09-09 06:33:45.822,2021-09-09
1631169258756,33,3221,139.0,3630,2021-09-09 06:34:18.756,2021-09-09
1631169258756,33,3221,0.0,2177,2021-09-09 06:34:18.756,2021-09-09
1631169258756,33,2177,0.0,2578,2021-09-09 06:34:18.756,2021-09-09
1631169290602,33,3221,139.0,3630,2021-09-09 06:34:50.602,2021-09-09
1631169290602,33,3221,0.0,2177,2021-09-09 06:34:50.602,2021-09-09
1631169290602,33,2177,33.0,2578,2021-09-09 06:34:50.602,2021-09-09
1631169321118,33,3221,386.0,3630,2021-09-09 06:35:21.118,2021-09-09
1631169321118,33,3221,0.0,2177,2021-09-09 06:35:21.118,2021-09-09
1631169321118,33,2177,81.0,2578,2021-09-09 06:35:21.118,2021-09-09
1631169351531,33,3221,38.0,1781,2021-09-09 06:35:51.531,2021-09-09
1631169351531,33,3221,0.0,2177,2021-09-09 06:35:51.531,2021-09-09
1631169351531,33,2177,124.0,2578,2021-09-09 06:35:51.531,2021-09-09
1631169381739,33,3221,38.0,1781,2021-09-09 06:36:21.739,2021-09-09
1631169381739,33,3221,0.0,2177,2021-09-09 06:36:21.739,2021-09-09
1631169381739,33,2177,125.0,2578,2021-09-09 06:36:21.739,2021-09-09
1631169413455,33,3221,180.0,1781,2021-09-09 06:36:53.455,2021-09-09
1631169413455,33,3221,0.0,2177,2021-09-09 06:36:53.455,2021-09-09
1631169413455,33,2177,242.0,2578,2021-09-09 06:36:53.455,2021-09-09
1631169444102,33,3221,180.0,1781,2021-09-09 06:37:24.102,2021-09-09
1631169444102,33,3221,0.0,2177,2021-09-09 06:37:24.102,2021-09-09
1631169444102,33,2177,242.0,2578,2021-09-09 06:37:24.102,2021-09-09
1631169474924,33,3221,180.0,1781,2021-09-09 06:37:54.924,2021-09-09
1631169474924,33,3221,0.0,2177,2021-09-09 06:37:54.924,2021-09-09
1631169474924,33,2177,242.0,2578,2021-09-09 06:37:54.924,2021-09-09
1631169505440,33,3221,180.0,1781,2021-09-09 06:38:25.440,2021-09-09
1631169505440,33,3221,0.0,2177,2021-09-09 06:38:25.440,2021-09-09
1631169505440,33,2177,242.0,2578,2021-09-09 06:38:25.440,2021-09-09
1631169537184,33,3221,3.0,1707,2021-09-09 06:38:57.184,2021-09-09
1631169537184,33,3221,0.0,2177,2021-09-09 06:38:57.184,2021-09-09
1631169568723,33,3221,59.0,1707,2021-09-09 06:39:28.723,2021-09-09
1631169568723,33,3221,0.0,2177,2021-09-09 06:39:28.723,2021-09-09
1631169568723,33,2177,32.0,1127,2021-09-09 06:39:28.723,2021-09-09
1631169600263,33,3221,59.0,1707,2021-09-09 06:40:00.263,2021-09-09
1631169600263,33,3221,0.0,2177,2021-09-09 06:40:00.263,2021-09-09
1631169600263,33,2177,32.0,1127,2021-09-09 06:40:00.263,2021-09-09
1631169632622,33,3221,0.0,3320,2021-09-09 06:40:32.622,2021-09-09
1631169632622,33,3221,0.0,2177,2021-09-09 06:40:32.622,2021-09-09
1631169632622,33,2177,36.0,1376,2021-09-09 06:40:32.622,2021-09-09
1631169663854,33,3221,36.0,3320,2021-09-09 06:41:03.854,2021-09-09
1631169663854,33,3221,0.0,2177,2021-09-09 06:41:03.854,2021-09-09
1631169663854,33,2177,36.0,1376,2021-09-09 06:41:03.854,2021-09-09
1631169694442,33,3221,182.0,3320,2021-09-09 06:41:34.442,2021-09-09
1631169694442,33,3221,0.0,2177,2021-09-09 06:41:34.442,2021-09-09
1631169694442,33,2177,0.0,1128,2021-09-09 06:41:34.442,2021-09-09
1631169724885,33,3221,0.0,3221,2021-09-09 06:42:04.885,2021-09-09
1631169724885,33,3221,0.0,2177,2021-09-09 06:42:04.885,2021-09-09
1631169724885,33,2177,38.0,1128,2021-09-09 06:42:04.885,2021-09-09
1631169755196,33,2177,0.0,3633,2021-09-09 06:42:35.196,2021-09-09
1631169755196,33,3221,0.0,2177,2021-09-09 06:42:35.196,2021-09-09
1631169755196,33,2177,0.0,6354,2021-09-09 06:42:35.196,2021-09-09
1631169785609,33,2177,0.0,3633,2021-09-09 06:43:05.609,2021-09-09
1631169785609,33,3221,0.0,2177,2021-09-09 06:43:05.609,2021-09-09
1631169785609,33,2177,47.0,6354,2021-09-09 06:43:05.609,2021-09-09
1631169818070,33,2177,0.0,3633,2021-09-09 06:43:38.070,2021-09-09
1631169818070,33,3221,0.0,2177,2021-09-09 06:43:38.070,2021-09-09
1631169818070,33,2177,200.0,6354,2021-09-09 06:43:38.070,2021-09-09
1631169852067,33,2177,0.0,3633,2021-09-09 06:44:12.067,2021-09-09
1631169852067,33,3221,0.0,2177,2021-09-09 06:44:12.067,2021-09-09
1631169852067,33,2177,0.0,3505,2021-09-09 06:44:12.067,2021-09-09
1631169884016,33,2177,0.0,3633,2021-09-09 06:44:44.016,2021-09-09
1631169884016,33,3221,0.0,2177,2021-09-09 06:44:44.016,2021-09-09
1631169884016,33,2177,3.0,3505,2021-09-09 06:44:44.016,2021-09-09
1631169915965,33,2177,0.0,3633,2021-09-09 06:45:15.965,2021-09-09
1631169915965,33,3221,0.0,2177,2021-09-09 06:45:15.965,2021-09-09
1631169915965,33,2177,3.0,3505,2021-09-09 06:45:15.965,2021-09-09
1631169946992,33,2177,0.0,3633,2021-09-09 06:45:46.992,2021-09-09
1631169946992,33,3221,0.0,2177,2021-09-09 06:45:46.992,2021-09-09
1631169946992,33,2177,79.0,3505,2021-09-09 06:45:46.992,2021-09-09
1631169979337,33,2177,0.0,3633,2021-09-09 06:46:19.337,2021-09-09
1631169979337,33,3221,0.0,2177,2021-09-09 06:46:19.337,2021-09-09
1631169979337,33,2177,300.0,3505,2021-09-09 06:46:19.337,2021-09-09
1631170011096,33,2177,0.0,3633,2021-09-09 06:46:51.096,2021-09-09
1631170011096,33,3221,0.0,2177,2021-09-09 06:46:51.096,2021-09-09
1631170011096,33,2177,467.0,3505,2021-09-09 06:46:51.096,2021-09-09
1631170041611,33,2177,0.0,3633,2021-09-09 06:47:21.611,2021-09-09
1631170041611,33,3221,0.0,2177,2021-09-09 06:47:21.611,2021-09-09
1631170041611,33,2177,502.0,3505,2021-09-09 06:47:21.611,2021-09-09
1631170074379,33,2177,0.0,3633,2021-09-09 06:47:54.379,2021-09-09
1631170074379,33,3221,0.0,2177,2021-09-09 06:47:54.379,2021-09-09
1631170074379,33,2177,508.0,3505,2021-09-09 06:47:54.379,2021-09-09
1631170105714,33,2177,0.0,3633,2021-09-09 06:48:25.714,2021-09-09
1631170105714,33,3221,0.0,2177,2021-09-09 06:48:25.714,2021-09-09
1631170105714,33,2177,508.0,3505,2021-09-09 06:48:25.714,2021-09-09
1631170137765,33,3221,0.0,2177,2021-09-09 06:48:57.765,2021-09-09
1631170137765,33,2177,508.0,3505,2021-09-09 06:48:57.765,2021-09-09
1631170169714,33,2177,0.0,3633,2021-09-09 06:49:29.714,2021-09-09
1631170169714,33,3221,99.0,3629,2021-09-09 06:49:29.714,2021-09-09
1631170169714,33,2177,508.0,3505,2021-09-09 06:49:29.714,2021-09-09
1631170200641,33,2177,0.0,3633,2021-09-09 06:50:00.641,2021-09-09
1631170200641,33,3221,99.0,3629,2021-09-09 06:50:00.641,2021-09-09
1631170232793,33,2177,0.0,3633,2021-09-09 06:50:32.793,2021-09-09
1631170232793,33,3221,99.0,3629,2021-09-09 06:50:32.793,2021-09-09
1631170263001,33,2177,47.0,3633,2021-09-09 06:51:03.001,2021-09-09
1631170263001,33,3221,99.0,3629,2021-09-09 06:51:03.001,2021-09-09
1631170294234,33,2177,94.0,3633,2021-09-09 06:51:34.234,2021-09-09
1631170294234,33,3221,36.0,6353,2021-09-09 06:51:34.234,2021-09-09
1631170294234,33,3221,0.0,2177,2021-09-09 06:51:34.234,2021-09-09
1631170325876,33,2177,149.0,3633,2021-09-09 06:52:05.876,2021-09-09
1631170325876,33,3221,37.0,6353,2021-09-09 06:52:05.876,2021-09-09
1631170325876,33,3221,0.0,2177,2021-09-09 06:52:05.876,2021-09-09
1631170356493,33,2177,189.0,3633,2021-09-09 06:52:36.493,2021-09-09
1631170356493,33,3221,150.0,6353,2021-09-09 06:52:36.493,2021-09-09
1631170356493,33,3221,0.0,2177,2021-09-09 06:52:36.493,2021-09-09
1631170388750,33,2177,204.0,3633,2021-09-09 06:53:08.750,2021-09-09
1631170388750,33,3221,247.0,6353,2021-09-09 06:53:08.750,2021-09-09
1631170388750,33,3221,0.0,2177,2021-09-09 06:53:08.750,2021-09-09
1631170420904,33,2177,229.0,3633,2021-09-09 06:53:40.904,2021-09-09
1631170420904,33,3221,449.0,6353,2021-09-09 06:53:40.904,2021-09-09
1631170420904,33,3221,0.0,2177,2021-09-09 06:53:40.904,2021-09-09
1631170453672,33,2177,243.0,3633,2021-09-09 06:54:13.672,2021-09-09
1631170453672,33,3221,61.0,3630,2021-09-09 06:54:13.672,2021-09-09
1631170453672,33,3221,0.0,2177,2021-09-09 06:54:13.672,2021-09-09
1631170485315,33,2177,294.0,3633,2021-09-09 06:54:45.315,2021-09-09
1631170485315,33,3221,346.0,3630,2021-09-09 06:54:45.315,2021-09-09
1631170485315,33,3221,0.0,2177,2021-09-09 06:54:45.315,2021-09-09
1631170518642,33,2177,299.0,3633,2021-09-09 06:55:18.642,2021-09-09
1631170518642,33,3221,27.0,1781,2021-09-09 06:55:18.642,2021-09-09
1631170518642,33,3221,0.0,2177,2021-09-09 06:55:18.642,2021-09-09
1631170548905,33,2177,340.0,3633,2021-09-09 06:55:48.905,2021-09-09
1631170548905,33,3221,34.0,1781,2021-09-09 06:55:48.905,2021-09-09
1631170548905,33,3221,0.0,2177,2021-09-09 06:55:48.905,2021-09-09
1631170580240,33,2177,340.0,3633,2021-09-09 06:56:20.240,2021-09-09
1631170580240,33,3221,77.0,1781,2021-09-09 06:56:20.240,2021-09-09
1631170580240,33,3221,0.0,2177,2021-09-09 06:56:20.240,2021-09-09
1631170612311,33,2177,340.0,3633,2021-09-09 06:56:52.311,2021-09-09
1631170612311,33,3221,215.0,1781,2021-09-09 06:56:52.311,2021-09-09
1631170612311,33,3221,0.0,2177,2021-09-09 06:56:52.311,2021-09-09
1631170645675,33,2177,340.0,3633,2021-09-09 06:57:25.675,2021-09-09
1631170645675,33,3221,0.0,2392,2021-09-09 06:57:25.675,2021-09-09
1631170645675,33,3221,0.0,2177,2021-09-09 06:57:25.675,2021-09-09
1631170677419,33,3221,121.0,2392,2021-09-09 06:57:57.419,2021-09-09
1631170677419,33,3221,0.0,2177,2021-09-09 06:57:57.419,2021-09-09
1631170710393,33,3221,121.0,2392,2021-09-09 06:58:30.393,2021-09-09
1631170710393,33,3221,0.0,2177,2021-09-09 06:58:30.393,2021-09-09
1631170740806,33,3221,121.0,2392,2021-09-09 06:59:00.806,2021-09-09
1631170740806,33,3221,0.0,2177,2021-09-09 06:59:00.806,2021-09-09
1631170772141,33,2177,436.0,3633,2021-09-09 06:59:32.141,2021-09-09
1631170772141,33,3221,121.0,2392,2021-09-09 06:59:32.141,2021-09-09
1631170772141,33,3221,0.0,2177,2021-09-09 06:59:32.141,2021-09-09
1631170802437,33,2177,0.0,2212,2021-09-09 07:00:02.437,2021-09-09
1631170802437,33,3221,42.0,3320,2021-09-09 07:00:02.437,2021-09-09
1631170834606,33,2177,17.0,2212,2021-09-09 07:00:34.606,2021-09-09
1631170834606,33,3221,0.0,3221,2021-09-09 07:00:34.606,2021-09-09
1631170866044,33,2177,143.0,2212,2021-09-09 07:01:06.044,2021-09-09
1631170866044,33,3221,0.0,3221,2021-09-09 07:01:06.044,2021-09-09
1631170866044,33,3221,0.0,2177,2021-09-09 07:01:06.044,2021-09-09
1631170896764,33,2177,354.0,2212,2021-09-09 07:01:36.764,2021-09-09
1631170896764,33,2177,0.0,3633,2021-09-09 07:01:36.764,2021-09-09
1631170896764,33,3221,0.0,2177,2021-09-09 07:01:36.764,2021-09-09
1631170928714,33,2177,0.0,2578,2021-09-09 07:02:08.714,2021-09-09
1631170928714,33,2177,0.0,3633,2021-09-09 07:02:08.714,2021-09-09
1631170928714,33,3221,0.0,2177,2021-09-09 07:02:08.714,2021-09-09
1631170959127,33,2177,0.0,2578,2021-09-09 07:02:39.127,2021-09-09
1631170959127,33,2177,0.0,3633,2021-09-09 07:02:39.127,2021-09-09
1631170959127,33,3221,0.0,2177,2021-09-09 07:02:39.127,2021-09-09
1631170990974,33,2177,16.0,2578,2021-09-09 07:03:10.974,2021-09-09
1631170990974,33,2177,0.0,3633,2021-09-09 07:03:10.974,2021-09-09
1631170990974,33,3221,0.0,2177,2021-09-09 07:03:10.974,2021-09-09
1631171021080,33,2177,16.0,2578,2021-09-09 07:03:41.080,2021-09-09
1631171021080,33,2177,0.0,3633,2021-09-09 07:03:41.080,2021-09-09
1631171021080,33,3221,0.0,2177,2021-09-09 07:03:41.080,2021-09-09
1631171054054,33,2177,43.0,2578,2021-09-09 07:04:14.054,2021-09-09
1631171054054,33,2177,0.0,3633,2021-09-09 07:04:14.054,2021-09-09
1631171054054,33,3221,0.0,2177,2021-09-09 07:04:14.054,2021-09-09
1631171086208,33,2177,60.0,2578,2021-09-09 07:04:46.208,2021-09-09
1631171086208,33,2177,0.0,3633,2021-09-09 07:04:46.208,2021-09-09
1631171086208,33,3221,0.0,2177,2021-09-09 07:04:46.208,2021-09-09
1631171118977,33,2177,134.0,2578,2021-09-09 07:05:18.977,2021-09-09
1631171118977,33,2177,0.0,3633,2021-09-09 07:05:18.977,2021-09-09
1631171118977,33,3221,0.0,2177,2021-09-09 07:05:18.977,2021-09-09
1631171150824,33,2177,153.0,2578,2021-09-09 07:05:50.824,2021-09-09
1631171150824,33,2177,0.0,3633,2021-09-09 07:05:50.824,2021-09-09
1631171150824,33,3221,0.0,2177,2021-09-09 07:05:50.824,2021-09-09
1631171181545,33,2177,153.0,2578,2021-09-09 07:06:21.545,2021-09-09
1631171181545,33,2177,0.0,3633,2021-09-09 07:06:21.545,2021-09-09
1631171181545,33,3221,0.0,2177,2021-09-09 07:06:21.545,2021-09-09
1631171213290,33,2177,153.0,2578,2021-09-09 07:06:53.290,2021-09-09
1631171213290,33,2177,0.0,3633,2021-09-09 07:06:53.290,2021-09-09
1631171213290,33,3221,0.0,2177,2021-09-09 07:06:53.290,2021-09-09
1631171243396,33,2177,153.0,2578,2021-09-09 07:07:23.396,2021-09-09
1631171243396,33,2177,0.0,3633,2021-09-09 07:07:23.396,2021-09-09
1631171243396,33,3221,0.0,2177,2021-09-09 07:07:23.396,2021-09-09
1631171274424,33,2177,66.0,1063,2021-09-09 07:07:54.424,2021-09-09
1631171274424,33,2177,0.0,3633,2021-09-09 07:07:54.424,2021-09-09
1631171274424,33,3221,0.0,2177,2021-09-09 07:07:54.424,2021-09-09
1631171304530,33,2177,139.0,1063,2021-09-09 07:08:24.530,2021-09-09
1631171304530,33,2177,0.0,3633,2021-09-09 07:08:24.530,2021-09-09
1631171304530,33,3221,0.0,2177,2021-09-09 07:08:24.530,2021-09-09
1631171337299,33,2177,139.0,1063,2021-09-09 07:08:57.299,2021-09-09
1631171337299,33,2177,0.0,3633,2021-09-09 07:08:57.299,2021-09-09
1631171337299,33,3221,0.0,2177,2021-09-09 07:08:57.299,2021-09-09
1631171370784,33,2177,54.0,1127,2021-09-09 07:09:30.784,2021-09-09
1631171370784,33,2177,0.0,3633,2021-09-09 07:09:30.784,2021-09-09
1631171370784,33,3221,79.0,3629,2021-09-09 07:09:30.784,2021-09-09
1631171401607,33,2177,36.0,1376,2021-09-09 07:10:01.607,2021-09-09
1631171401607,33,3221,0.0,6353,2021-09-09 07:10:01.607,2021-09-09
1631171433863,33,2177,0.0,1128,2021-09-09 07:10:33.863,2021-09-09
1631171433863,33,2177,46.0,3633,2021-09-09 07:10:33.863,2021-09-09
1631171433863,33,3221,156.0,6353,2021-09-09 07:10:33.863,2021-09-09
1631171466120,33,2177,0.0,1128,2021-09-09 07:11:06.120,2021-09-09
1631171466120,33,2177,99.0,3633,2021-09-09 07:11:06.120,2021-09-09
1631171466120,33,3221,179.0,6353,2021-09-09 07:11:06.120,2021-09-09
1631171496431,33,2177,1.0,1128,2021-09-09 07:11:36.431,2021-09-09
1631171496431,33,2177,274.0,3633,2021-09-09 07:11:36.431,2021-09-09
1631171496431,33,3221,371.0,6353,2021-09-09 07:11:36.431,2021-09-09
1631171529609,33,2177,149.0,1128,2021-09-09 07:12:09.609,2021-09-09
1631171529609,33,2177,404.0,3633,2021-09-09 07:12:09.609,2021-09-09
1631171529609,33,3221,4.0,3630,2021-09-09 07:12:09.609,2021-09-09
1631171559920,33,2177,17.0,6354,2021-09-09 07:12:39.920,2021-09-09
1631171559920,33,2177,479.0,3633,2021-09-09 07:12:39.920,2021-09-09
1631171559920,33,3221,290.0,3630,2021-09-09 07:12:39.920,2021-09-09
1631171591357,33,2177,69.0,6354,2021-09-09 07:13:11.357,2021-09-09
1631171591357,33,2177,155.0,2212,2021-09-09 07:13:11.357,2021-09-09
1631171591357,33,3221,8.0,1781,2021-09-09 07:13:11.357,2021-09-09
1631171623819,33,2177,89.0,6354,2021-09-09 07:13:43.819,2021-09-09
1631171623819,33,2177,193.0,2212,2021-09-09 07:13:43.819,2021-09-09
1631171623819,33,3221,2.0,1781,2021-09-09 07:13:43.819,2021-09-09
1631171655973,33,2177,353.0,6354,2021-09-09 07:14:15.973,2021-09-09
1631171655973,33,2177,272.0,2212,2021-09-09 07:14:15.973,2021-09-09
1631171655973,33,3221,134.0,1781,2021-09-09 07:14:15.973,2021-09-09
1631171687717,33,2177,0.0,3505,2021-09-09 07:14:47.717,2021-09-09
1631171687717,33,2177,287.0,2212,2021-09-09 07:14:47.717,2021-09-09
1631171687717,33,3221,0.0,2392,2021-09-09 07:14:47.717,2021-09-09
1631171721715,33,2177,0.0,3505,2021-09-09 07:15:21.715,2021-09-09
1631171721715,33,2177,333.0,2212,2021-09-09 07:15:21.715,2021-09-09
1631171721715,33,3221,0.0,2392,2021-09-09 07:15:21.715,2021-09-09
1631171752028,33,2177,0.0,3505,2021-09-09 07:15:52.028,2021-09-09
1631171752028,33,2177,384.0,2212,2021-09-09 07:15:52.028,2021-09-09
1631171752028,33,3221,58.0,2392,2021-09-09 07:15:52.028,2021-09-09
1631171785101,33,2177,0.0,3505,2021-09-09 07:16:25.101,2021-09-09
1631171785101,33,2177,1.0,2578,2021-09-09 07:16:25.101,2021-09-09
1631171785101,33,3221,59.0,2392,2021-09-09 07:16:25.101,2021-09-09
1631171818691,33,2177,54.0,2578,2021-09-09 07:16:58.691,2021-09-09
1631171818691,33,3221,59.0,2392,2021-09-09 07:16:58.691,2021-09-09
1631171850843,33,2177,54.0,2578,2021-09-09 07:17:30.843,2021-09-09
1631171850843,33,3221,59.0,2392,2021-09-09 07:17:30.843,2021-09-09
1631171883227,33,2177,54.0,2578,2021-09-09 07:18:03.227,2021-09-09
1631171883227,33,3221,59.0,2392,2021-09-09 07:18:03.227,2021-09-09
1631171915389,33,3221,0.0,2177,2021-09-09 07:18:35.389,2021-09-09
1631171915389,33,2177,54.0,2578,2021-09-09 07:18:35.389,2021-09-09
1631171915389,33,3221,59.0,2392,2021-09-09 07:18:35.389,2021-09-09
1631171945667,33,3221,0.0,2177,2021-09-09 07:19:05.667,2021-09-09
1631171977721,33,3221,0.0,2177,2021-09-09 07:19:37.721,2021-09-09
1631171977721,33,2177,60.0,1063,2021-09-09 07:19:37.721,2021-09-09
1631171977721,33,3221,108.0,1707,2021-09-09 07:19:37.721,2021-09-09
1631172008885,33,3221,0.0,2177,2021-09-09 07:20:08.885,2021-09-09
1631172008885,33,2177,247.0,1063,2021-09-09 07:20:08.885,2021-09-09
1631172008885,33,3221,200.0,1707,2021-09-09 07:20:08.885,2021-09-09
1631172039263,33,3221,0.0,2177,2021-09-09 07:20:39.263,2021-09-09
1631172039263,33,2177,0.0,1127,2021-09-09 07:20:39.263,2021-09-09
1631172039263,33,3221,231.0,1707,2021-09-09 07:20:39.263,2021-09-09
1631172071417,33,3221,0.0,2177,2021-09-09 07:21:11.417,2021-09-09
1631172071417,33,2177,46.0,1127,2021-09-09 07:21:11.417,2021-09-09
1631172071417,33,3221,0.0,3221,2021-09-09 07:21:11.417,2021-09-09
1631172104090,33,3221,0.0,2177,2021-09-09 07:21:44.090,2021-09-09
1631172104090,33,2177,0.0,1376,2021-09-09 07:21:44.090,2021-09-09
1631172104090,33,2177,0.0,3633,2021-09-09 07:21:44.090,2021-09-09
1631172136749,33,3221,0.0,2177,2021-09-09 07:22:16.749,2021-09-09
1631172136749,33,2177,198.0,1376,2021-09-09 07:22:16.749,2021-09-09
1631172136749,33,2177,0.0,3633,2021-09-09 07:22:16.749,2021-09-09
1631172169825,33,3221,0.0,2177,2021-09-09 07:22:49.825,2021-09-09
1631172169825,33,2177,151.0,1128,2021-09-09 07:22:49.825,2021-09-09
1631172169825,33,2177,0.0,3633,2021-09-09 07:22:49.825,2021-09-09
1631172203516,33,3221,0.0,2177,2021-09-09 07:23:23.516,2021-09-09
1631172203516,33,2177,201.0,1128,2021-09-09 07:23:23.516,2021-09-09
1631172203516,33,2177,0.0,3633,2021-09-09 07:23:23.516,2021-09-09
1631172235158,33,3221,0.0,2177,2021-09-09 07:23:55.158,2021-09-09
1631172235158,33,2177,212.0,1128,2021-09-09 07:23:55.158,2021-09-09
1631172235158,33,2177,0.0,3633,2021-09-09 07:23:55.158,2021-09-09
1631172266186,33,3221,0.0,2177,2021-09-09 07:24:26.186,2021-09-09
1631172266186,33,2177,0.0,6354,2021-09-09 07:24:26.186,2021-09-09
1631172266186,33,2177,0.0,3633,2021-09-09 07:24:26.186,2021-09-09
1631172298955,33,3221,0.0,2177,2021-09-09 07:24:58.955,2021-09-09
1631172298955,33,2177,40.0,6354,2021-09-09 07:24:58.955,2021-09-09
1631172298955,33,2177,0.0,3633,2021-09-09 07:24:58.955,2021-09-09
1631172330495,33,3221,0.0,2177,2021-09-09 07:25:30.495,2021-09-09
1631172330495,33,2177,49.0,6354,2021-09-09 07:25:30.495,2021-09-09
1631172330495,33,2177,0.0,3633,2021-09-09 07:25:30.495,2021-09-09
1631172361728,33,3221,0.0,2177,2021-09-09 07:26:01.728,2021-09-09
1631172361728,33,2177,49.0,6354,2021-09-09 07:26:01.728,2021-09-09
1631172361728,33,2177,0.0,3633,2021-09-09 07:26:01.728,2021-09-09
1631172392940,33,3221,0.0,2177,2021-09-09 07:26:32.940,2021-09-09
1631172392940,33,2177,49.0,6354,2021-09-09 07:26:32.940,2021-09-09
1631172392940,33,2177,0.0,3633,2021-09-09 07:26:32.940,2021-09-09
1631172424910,33,2177,49.0,6354,2021-09-09 07:27:04.910,2021-09-09
1631172424910,33,2177,0.0,3633,2021-09-09 07:27:04.910,2021-09-09
1631172456757,33,2177,44.0,3505,2021-09-09 07:27:36.757,2021-09-09
1631172456757,33,2177,0.0,3633,2021-09-09 07:27:36.757,2021-09-09
1631172488091,33,2177,44.0,3505,2021-09-09 07:28:08.091,2021-09-09
1631172519426,33,2177,44.0,3505,2021-09-09 07:28:39.426,2021-09-09
1631172551888,33,3221,0.0,2177,2021-09-09 07:29:11.888,2021-09-09
1631172551888,33,3221,0.0,2177,2021-09-09 07:29:11.888,2021-09-09
1631172584247,33,3221,40.0,2177,2021-09-09 07:29:44.247,2021-09-09
1631172584247,33,3221,0.0,2177,2021-09-09 07:29:44.247,2021-09-09
1631172617322,33,3221,197.0,2177,2021-09-09 07:30:17.322,2021-09-09
1631172617322,33,3221,0.0,2177,2021-09-09 07:30:17.322,2021-09-09
1631172617322,33,2177,40.0,3633,2021-09-09 07:30:17.322,2021-09-09
1631172651012,33,3221,0.0,3629,2021-09-09 07:30:51.012,2021-09-09
1631172651012,33,3221,0.0,2177,2021-09-09 07:30:51.012,2021-09-09
1631172651012,33,2177,157.0,3633,2021-09-09 07:30:51.012,2021-09-09
1631172683678,33,3221,137.0,3629,2021-09-09 07:31:23.678,2021-09-09
1631172683678,33,3221,0.0,2177,2021-09-09 07:31:23.678,2021-09-09
1631172683678,33,2177,423.0,3633,2021-09-09 07:31:23.678,2021-09-09
1631172714502,33,3221,0.0,6353,2021-09-09 07:31:54.502,2021-09-09
1631172714502,33,3221,0.0,2177,2021-09-09 07:31:54.502,2021-09-09
1631172714502,33,2177,424.0,3633,2021-09-09 07:31:54.502,2021-09-09
1631172748100,33,3221,3.0,6353,2021-09-09 07:32:28.100,2021-09-09
1631172748100,33,3221,0.0,2177,2021-09-09 07:32:28.100,2021-09-09
1631172748100,33,2177,464.0,3633,2021-09-09 07:32:28.100,2021-09-09
1631172779835,33,3221,44.0,6353,2021-09-09 07:32:59.835,2021-09-09
1631172779835,33,3221,0.0,2177,2021-09-09 07:32:59.835,2021-09-09
1631172779835,33,2177,221.0,2212,2021-09-09 07:32:59.835,2021-09-09
1631172811579,33,3221,134.0,6353,2021-09-09 07:33:31.579,2021-09-09
1631172811579,33,3221,0.0,2177,2021-09-09 07:33:31.579,2021-09-09
1631172811579,33,2177,0.0,2578,2021-09-09 07:33:31.579,2021-09-09
1631172844042,33,3221,134.0,6353,2021-09-09 07:34:04.042,2021-09-09
1631172844042,33,3221,0.0,2177,2021-09-09 07:34:04.042,2021-09-09
1631172844042,33,2177,58.0,2578,2021-09-09 07:34:04.042,2021-09-09
1631172875274,33,3221,134.0,6353,2021-09-09 07:34:35.274,2021-09-09
1631172875274,33,3221,0.0,2177,2021-09-09 07:34:35.274,2021-09-09
1631172875274,33,2177,172.0,2578,2021-09-09 07:34:35.274,2021-09-09
1631172907326,33,3221,38.0,3630,2021-09-09 07:35:07.326,2021-09-09
1631172907326,33,3221,0.0,2177,2021-09-09 07:35:07.326,2021-09-09
1631172907326,33,2177,252.0,2578,2021-09-09 07:35:07.326,2021-09-09
1631172938354,33,3221,38.0,3630,2021-09-09 07:35:38.354,2021-09-09
1631172938354,33,3221,0.0,2177,2021-09-09 07:35:38.354,2021-09-09
1631172938354,33,2177,263.0,2578,2021-09-09 07:35:38.354,2021-09-09
1631172971227,33,3221,44.0,1781,2021-09-09 07:36:11.227,2021-09-09
1631172971227,33,3221,0.0,2177,2021-09-09 07:36:11.227,2021-09-09
1631172971227,33,2177,263.0,2578,2021-09-09 07:36:11.227,2021-09-09
1631173004814,33,3221,44.0,1781,2021-09-09 07:36:44.814,2021-09-09
1631173004814,33,3221,0.0,2177,2021-09-09 07:36:44.814,2021-09-09
1631173004814,33,2177,263.0,2578,2021-09-09 07:36:44.814,2021-09-09
1631173037252,33,3221,44.0,1781,2021-09-09 07:37:17.252,2021-09-09
1631173037252,33,2177,263.0,2578,2021-09-09 07:37:17.252,2021-09-09
1631173067997,33,3221,46.0,2392,2021-09-09 07:37:47.997,2021-09-09
1631173067997,33,3221,0.0,2177,2021-09-09 07:37:47.997,2021-09-09
1631173099434,33,3221,130.0,2392,2021-09-09 07:38:19.434,2021-09-09
1631173099434,33,3221,0.0,2177,2021-09-09 07:38:19.434,2021-09-09
1631173099434,33,2177,308.0,1063,2021-09-09 07:38:19.434,2021-09-09
1631173131282,33,3221,182.0,2392,2021-09-09 07:38:51.282,2021-09-09
1631173131282,33,3221,0.0,2177,2021-09-09 07:38:51.282,2021-09-09
1631173131282,33,2177,0.0,1127,2021-09-09 07:38:51.282,2021-09-09
1631173162412,33,3221,101.0,1707,2021-09-09 07:39:22.412,2021-09-09
1631173162412,33,3221,0.0,2177,2021-09-09 07:39:22.412,2021-09-09
1631173162412,33,2177,29.0,1127,2021-09-09 07:39:22.412,2021-09-09
1631173194464,33,3221,196.0,1707,2021-09-09 07:39:54.464,2021-09-09
1631173194464,33,3221,0.0,2177,2021-09-09 07:39:54.464,2021-09-09
1631173194464,33,2177,22.0,1376,2021-09-09 07:39:54.464,2021-09-09
1631173226005,33,3221,0.0,3320,2021-09-09 07:40:26.005,2021-09-09
1631173226005,33,3221,0.0,2177,2021-09-09 07:40:26.005,2021-09-09
1631173226005,33,2177,226.0,1376,2021-09-09 07:40:26.005,2021-09-09
1631173257442,33,3221,7.0,3320,2021-09-09 07:40:57.442,2021-09-09
1631173257442,33,3221,0.0,2177,2021-09-09 07:40:57.442,2021-09-09
1631173257442,33,2177,0.0,1128,2021-09-09 07:40:57.442,2021-09-09
1631173290314,33,3221,179.0,3320,2021-09-09 07:41:30.314,2021-09-09
1631173290314,33,3221,0.0,2177,2021-09-09 07:41:30.314,2021-09-09
1631173290314,33,2177,8.0,1128,2021-09-09 07:41:30.314,2021-09-09
1631173322571,33,3221,0.0,3221,2021-09-09 07:42:02.571,2021-09-09
1631173322571,33,3221,0.0,2177,2021-09-09 07:42:02.571,2021-09-09
1631173322571,33,2177,69.0,1128,2021-09-09 07:42:02.571,2021-09-09
1631173354213,33,3221,0.0,3221,2021-09-09 07:42:34.213,2021-09-09
1631173354213,33,3221,0.0,2177,2021-09-09 07:42:34.213,2021-09-09
1631173354213,33,2177,217.0,1128,2021-09-09 07:42:34.213,2021-09-09
1631173384627,33,2177,0.0,3633,2021-09-09 07:43:04.627,2021-09-09
1631173384627,33,3221,0.0,2177,2021-09-09 07:43:04.627,2021-09-09
1631173384627,33,2177,176.0,6354,2021-09-09 07:43:04.627,2021-09-09
1631173415143,33,2177,0.0,3633,2021-09-09 07:43:35.143,2021-09-09
1631173415143,33,3221,0.0,2177,2021-09-09 07:43:35.143,2021-09-09
1631173415143,33,2177,355.0,6354,2021-09-09 07:43:35.143,2021-09-09
1631173445454,33,2177,0.0,3633,2021-09-09 07:44:05.454,2021-09-09
1631173445454,33,3221,0.0,2177,2021-09-09 07:44:05.454,2021-09-09
1631173445454,33,2177,0.0,3505,2021-09-09 07:44:05.454,2021-09-09
1631173477712,33,2177,0.0,3633,2021-09-09 07:44:37.712,2021-09-09
1631173477712,33,3221,0.0,2177,2021-09-09 07:44:37.712,2021-09-09
1631173477712,33,2177,9.0,3505,2021-09-09 07:44:37.712,2021-09-09
1631173508841,33,2177,0.0,3633,2021-09-09 07:45:08.841,2021-09-09
1631173508841,33,3221,0.0,2177,2021-09-09 07:45:08.841,2021-09-09
1631173508841,33,2177,10.0,3505,2021-09-09 07:45:08.841,2021-09-09
1631173539152,33,2177,0.0,3633,2021-09-09 07:45:39.152,2021-09-09
1631173539152,33,3221,0.0,2177,2021-09-09 07:45:39.152,2021-09-09
1631173539152,33,2177,10.0,3505,2021-09-09 07:45:39.152,2021-09-09
1631173570897,33,2177,0.0,3633,2021-09-09 07:46:10.897,2021-09-09
1631173570897,33,3221,0.0,2177,2021-09-09 07:46:10.897,2021-09-09
1631173570897,33,2177,42.0,3505,2021-09-09 07:46:10.897,2021-09-09
1631173603973,33,2177,0.0,3633,2021-09-09 07:46:43.973,2021-09-09
1631173603973,33,3221,0.0,2177,2021-09-09 07:46:43.973,2021-09-09
1631173603973,33,2177,78.0,3505,2021-09-09 07:46:43.973,2021-09-09
1631173636435,33,2177,0.0,3633,2021-09-09 07:47:16.435,2021-09-09
1631173636435,33,3221,0.0,2177,2021-09-09 07:47:16.435,2021-09-09
1631173636435,33,2177,487.0,3505,2021-09-09 07:47:16.435,2021-09-09
1631173667156,33,2177,0.0,3633,2021-09-09 07:47:47.156,2021-09-09
1631173667156,33,3221,0.0,2177,2021-09-09 07:47:47.156,2021-09-09
1631173667156,33,3221,0.0,2177,2021-09-09 07:47:47.156,2021-09-09
1631173699618,33,2177,0.0,3633,2021-09-09 07:48:19.618,2021-09-09
1631173699618,33,3221,0.0,2177,2021-09-09 07:48:19.618,2021-09-09
1631173699618,33,3221,0.0,2177,2021-09-09 07:48:19.618,2021-09-09
1631173731772,33,2177,0.0,3633,2021-09-09 07:48:51.772,2021-09-09
1631173731772,33,3221,40.0,2177,2021-09-09 07:48:51.772,2021-09-09
1631173731772,33,3221,0.0,2177,2021-09-09 07:48:51.772,2021-09-09
1631173764554,33,2177,0.0,3633,2021-09-09 07:49:24.554,2021-09-09
1631173764554,33,3221,231.0,2177,2021-09-09 07:49:24.554,2021-09-09
1631173764554,33,3221,0.0,2177,2021-09-09 07:49:24.554,2021-09-09
1631173798846,33,2177,0.0,3633,2021-09-09 07:49:58.846,2021-09-09
1631173798846,33,3221,257.0,2177,2021-09-09 07:49:58.846,2021-09-09
1631173798846,33,3221,0.0,2177,2021-09-09 07:49:58.846,2021-09-09
1631173831630,33,2177,0.0,3633,2021-09-09 07:50:31.630,2021-09-09
1631173831630,33,3221,66.0,3629,2021-09-09 07:50:31.630,2021-09-09
1631173831630,33,3221,0.0,2177,2021-09-09 07:50:31.630,2021-09-09
1631173862131,33,2177,78.0,3633,2021-09-09 07:51:02.131,2021-09-09
1631173862131,33,3221,0.0,6353,2021-09-09 07:51:02.131,2021-09-09
1631173862131,33,3221,0.0,2177,2021-09-09 07:51:02.131,2021-09-09
1631173894080,33,2177,190.0,3633,2021-09-09 07:51:34.080,2021-09-09
1631173894080,33,3221,34.0,6353,2021-09-09 07:51:34.080,2021-09-09
1631173894080,33,3221,0.0,2177,2021-09-09 07:51:34.080,2021-09-09
1631173924392,33,2177,304.0,3633,2021-09-09 07:52:04.392,2021-09-09
1631173924392,33,3221,58.0,6353,2021-09-09 07:52:04.392,2021-09-09
1631173924392,33,3221,0.0,2177,2021-09-09 07:52:04.392,2021-09-09
1631173956546,33,2177,450.0,3633,2021-09-09 07:52:36.546,2021-09-09
1631173956546,33,3221,175.0,6353,2021-09-09 07:52:36.546,2021-09-09
1631173956546,33,3221,0.0,2177,2021-09-09 07:52:36.546,2021-09-09
1631173986653,33,2177,0.0,2212,2021-09-09 07:53:06.653,2021-09-09
1631173986653,33,3221,186.0,6353,2021-09-09 07:53:06.653,2021-09-09
1631173986653,33,3221,0.0,2177,2021-09-09 07:53:06.653,2021-09-09
1631174018458,33,2177,106.0,2212,2021-09-09 07:53:38.458,2021-09-09
1631174018458,33,3221,297.0,6353,2021-09-09 07:53:38.458,2021-09-09
1631174018458,33,3221,0.0,2177,2021-09-09 07:53:38.458,2021-09-09
1631174050143,33,2177,205.0,2212,2021-09-09 07:54:10.143,2021-09-09
1631174050143,33,3221,59.0,3630,2021-09-09 07:54:10.143,2021-09-09
1631174050143,33,3221,0.0,2177,2021-09-09 07:54:10.143,2021-09-09
1631174082809,33,2177,0.0,2578,2021-09-09 07:54:42.809,2021-09-09
1631174082809,33,3221,199.0,3630,2021-09-09 07:54:42.809,2021-09-09
1631174082809,33,3221,0.0,2177,2021-09-09 07:54:42.809,2021-09-09
1631174115783,33,2177,0.0,2578,2021-09-09 07:55:15.783,2021-09-09
1631174115783,33,3221,345.0,3630,2021-09-09 07:55:15.783,2021-09-09
1631174115783,33,3221,0.0,2177,2021-09-09 07:55:15.783,2021-09-09
1631174146198,33,2177,85.0,2578,2021-09-09 07:55:46.198,2021-09-09
1631174146198,33,3221,382.0,3630,2021-09-09 07:55:46.198,2021-09-09
1631174146198,33,3221,0.0,2177,2021-09-09 07:55:46.198,2021-09-09
1631174177737,33,2177,289.0,2578,2021-09-09 07:56:17.737,2021-09-09
1631174177737,33,3221,100.0,1781,2021-09-09 07:56:17.737,2021-09-09
1631174177737,33,3221,0.0,2177,2021-09-09 07:56:17.737,2021-09-09
1631174210608,33,2177,370.0,2578,2021-09-09 07:56:50.608,2021-09-09
1631174210608,33,3221,189.0,1781,2021-09-09 07:56:50.608,2021-09-09
1631174210608,33,3221,0.0,2177,2021-09-09 07:56:50.608,2021-09-09
1631174242251,33,2177,425.0,2578,2021-09-09 07:57:22.251,2021-09-09
1631174242251,33,3221,42.0,2392,2021-09-09 07:57:22.251,2021-09-09
1631174242251,33,3221,0.0,2177,2021-09-09 07:57:22.251,2021-09-09
1631174276044,33,2177,2.0,1063,2021-09-09 07:57:56.044,2021-09-09
1631174276044,33,3221,199.0,2392,2021-09-09 07:57:56.044,2021-09-09
1631174276044,33,3221,0.0,2177,2021-09-09 07:57:56.044,2021-09-09
1631174307583,33,2177,2.0,1063,2021-09-09 07:58:27.583,2021-09-09
1631174307583,33,3221,199.0,2392,2021-09-09 07:58:27.583,2021-09-09
1631174307583,33,3221,0.0,2177,2021-09-09 07:58:27.583,2021-09-09
1631174339430,33,2177,279.0,1063,2021-09-09 07:58:59.430,2021-09-09
1631174339430,33,3221,199.0,2392,2021-09-09 07:58:59.430,2021-09-09
1631174339430,33,3221,0.0,2177,2021-09-09 07:58:59.430,2021-09-09
1631174373120,33,2177,6.0,1127,2021-09-09 07:59:33.120,2021-09-09
1631174373120,33,3221,36.0,3320,2021-09-09 07:59:33.120,2021-09-09
1631174373120,33,3221,0.0,2177,2021-09-09 07:59:33.120,2021-09-09
1631174403226,33,2177,5.0,1376,2021-09-09 08:00:03.226,2021-09-09
1631174403226,33,3221,36.0,3320,2021-09-09 08:00:03.226,2021-09-09
1631174438098,33,2177,94.0,1376,2021-09-09 08:00:38.098,2021-09-09
1631174438098,33,3221,36.0,3320,2021-09-09 08:00:38.098,2021-09-09
1631174469481,33,2177,0.0,1128,2021-09-09 08:01:09.481,2021-09-09
1631174469481,33,3221,36.0,3320,2021-09-09 08:01:09.481,2021-09-09
1631174501635,33,2177,0.0,1128,2021-09-09 08:01:41.635,2021-09-09
1631174501635,33,3221,36.0,3320,2021-09-09 08:01:41.635,2021-09-09
1631174501635,33,3221,0.0,2177,2021-09-09 08:01:41.635,2021-09-09
1631174534302,33,2177,0.0,1128,2021-09-09 08:02:14.302,2021-09-09
1631174534302,33,2177,0.0,3633,2021-09-09 08:02:14.302,2021-09-09
1631174534302,33,3221,0.0,2177,2021-09-09 08:02:14.302,2021-09-09
1631174564715,33,2177,0.0,1128,2021-09-09 08:02:44.715,2021-09-09
1631174564715,33,2177,0.0,3633,2021-09-09 08:02:44.715,2021-09-09
1631174564715,33,3221,0.0,2177,2021-09-09 08:02:44.715,2021-09-09
1631174597381,33,2177,3.0,1128,2021-09-09 08:03:17.381,2021-09-09
1631174597381,33,2177,0.0,3633,2021-09-09 08:03:17.381,2021-09-09
1631174597381,33,3221,0.0,2177,2021-09-09 08:03:17.381,2021-09-09
1631174628819,33,2177,3.0,1128,2021-09-09 08:03:48.819,2021-09-09
1631174628819,33,2177,0.0,3633,2021-09-09 08:03:48.819,2021-09-09
1631174628819,33,3221,0.0,2177,2021-09-09 08:03:48.819,2021-09-09
1631174661282,33,2177,153.0,1128,2021-09-09 08:04:21.282,2021-09-09
1631174661282,33,2177,0.0,3633,2021-09-09 08:04:21.282,2021-09-09
1631174661282,33,3221,0.0,2177,2021-09-09 08:04:21.282,2021-09-09
1631174693946,33,2177,0.0,6354,2021-09-09 08:04:53.946,2021-09-09
1631174693946,33,2177,0.0,3633,2021-09-09 08:04:53.946,2021-09-09
1631174693946,33,3221,0.0,2177,2021-09-09 08:04:53.946,2021-09-09
1631174724258,33,2177,47.0,6354,2021-09-09 08:05:24.258,2021-09-09
1631174724258,33,2177,0.0,3633,2021-09-09 08:05:24.258,2021-09-09
1631174724258,33,3221,0.0,2177,2021-09-09 08:05:24.258,2021-09-09
1631174754671,33,2177,47.0,6354,2021-09-09 08:05:54.671,2021-09-09
1631174754671,33,2177,0.0,3633,2021-09-09 08:05:54.671,2021-09-09
1631174754671,33,3221,0.0,2177,2021-09-09 08:05:54.671,2021-09-09
1631174786007,33,2177,47.0,6354,2021-09-09 08:06:26.007,2021-09-09
1631174786007,33,2177,0.0,3633,2021-09-09 08:06:26.007,2021-09-09
1631174786007,33,3221,0.0,2177,2021-09-09 08:06:26.007,2021-09-09
1631174817752,33,2177,47.0,6354,2021-09-09 08:06:57.752,2021-09-09
1631174817752,33,2177,0.0,3633,2021-09-09 08:06:57.752,2021-09-09
1631174817752,33,3221,0.0,2177,2021-09-09 08:06:57.752,2021-09-09
1631174850623,33,2177,42.0,3505,2021-09-09 08:07:30.623,2021-09-09
1631174850623,33,2177,0.0,3633,2021-09-09 08:07:30.623,2021-09-09
1631174850623,33,3221,0.0,2177,2021-09-09 08:07:30.623,2021-09-09
1631174882265,33,2177,42.0,3505,2021-09-09 08:08:02.265,2021-09-09
1631174882265,33,2177,0.0,3633,2021-09-09 08:08:02.265,2021-09-09
1631174882265,33,3221,0.0,2177,2021-09-09 08:08:02.265,2021-09-09
1631174913498,33,2177,42.0,3505,2021-09-09 08:08:33.498,2021-09-09
1631174913498,33,2177,0.0,3633,2021-09-09 08:08:33.498,2021-09-09
1631174913498,33,3221,0.0,2177,2021-09-09 08:08:33.498,2021-09-09
1631174943706,33,3221,0.0,2177,2021-09-09 08:09:03.706,2021-09-09
1631174943706,33,2177,0.0,3633,2021-09-09 08:09:03.706,2021-09-09
1631174976168,33,3221,0.0,2177,2021-09-09 08:09:36.168,2021-09-09
1631174976168,33,2177,0.0,3633,2021-09-09 08:09:36.168,2021-09-09
1631174976168,33,3221,46.0,2177,2021-09-09 08:09:36.168,2021-09-09
1631175006787,33,3221,0.0,2177,2021-09-09 08:10:06.787,2021-09-09
1631175006787,33,3221,46.0,2177,2021-09-09 08:10:06.787,2021-09-09
1631175038838,33,3221,0.0,2177,2021-09-09 08:10:38.838,2021-09-09
1631175038838,33,3221,46.0,2177,2021-09-09 08:10:38.838,2021-09-09
1631175071198,33,3221,0.0,2177,2021-09-09 08:11:11.198,2021-09-09
1631175071198,33,3221,46.0,2177,2021-09-09 08:11:11.198,2021-09-09
1631175102738,33,3221,0.0,2177,2021-09-09 08:11:42.738,2021-09-09
1631175102738,33,3221,46.0,2177,2021-09-09 08:11:42.738,2021-09-09
1631175136122,33,3221,0.0,2177,2021-09-09 08:12:16.122,2021-09-09
1631175136122,33,2177,439.0,3633,2021-09-09 08:12:16.122,2021-09-09
1631175136122,33,3221,274.0,6353,2021-09-09 08:12:16.122,2021-09-09
1631175166228,33,3221,0.0,2177,2021-09-09 08:12:46.228,2021-09-09
1631175166228,33,2177,0.0,2212,2021-09-09 08:12:46.228,2021-09-09
1631175166228,33,3221,386.0,6353,2021-09-09 08:12:46.228,2021-09-09
1631175198792,33,3221,0.0,2177,2021-09-09 08:13:18.792,2021-09-09
1631175198792,33,2177,245.0,2212,2021-09-09 08:13:18.792,2021-09-09
1631175198792,33,3221,0.0,3630,2021-09-09 08:13:18.792,2021-09-09
1631175230435,33,3221,0.0,2177,2021-09-09 08:13:50.435,2021-09-09
1631175230435,33,2177,5.0,2578,2021-09-09 08:13:50.435,2021-09-09
1631175230435,33,3221,56.0,3630,2021-09-09 08:13:50.435,2021-09-09
1631175261872,33,3221,0.0,2177,2021-09-09 08:14:21.872,2021-09-09
1631175261872,33,2177,79.0,2578,2021-09-09 08:14:21.872,2021-09-09
1631175261872,33,3221,56.0,3630,2021-09-09 08:14:21.872,2021-09-09
1631175293720,33,3221,0.0,2177,2021-09-09 08:14:53.720,2021-09-09
1631175293720,33,2177,191.0,2578,2021-09-09 08:14:53.720,2021-09-09
1631175293720,33,3221,38.0,1781,2021-09-09 08:14:53.720,2021-09-09
1631175325157,33,3221,0.0,2177,2021-09-09 08:15:25.157,2021-09-09
1631175325157,33,2177,225.0,2578,2021-09-09 08:15:25.157,2021-09-09
1631175325157,33,3221,171.0,1781,2021-09-09 08:15:25.157,2021-09-09
1631175357824,33,3221,0.0,2177,2021-09-09 08:15:57.824,2021-09-09
1631175357824,33,2177,367.0,2578,2021-09-09 08:15:57.824,2021-09-09
1631175357824,33,3221,0.0,2392,2021-09-09 08:15:57.824,2021-09-09
1631175390224,33,3221,0.0,2177,2021-09-09 08:16:30.224,2021-09-09
1631175390224,33,2177,54.0,1063,2021-09-09 08:16:30.224,2021-09-09
1631175390224,33,3221,141.0,2392,2021-09-09 08:16:30.224,2021-09-09
1631175420392,33,2177,90.0,1063,2021-09-09 08:17:00.392,2021-09-09
1631175420392,33,3221,141.0,2392,2021-09-09 08:17:00.392,2021-09-09
1631175452035,33,2177,90.0,1063,2021-09-09 08:17:32.035,2021-09-09
1631175452035,33,3221,57.0,1707,2021-09-09 08:17:32.035,2021-09-09
1631175482755,33,2177,90.0,1063,2021-09-09 08:18:02.755,2021-09-09
1631175482755,33,3221,42.0,3320,2021-09-09 08:18:02.755,2021-09-09
1631175514500,33,2177,90.0,1063,2021-09-09 08:18:34.500,2021-09-09
1631175514500,33,3221,42.0,3320,2021-09-09 08:18:34.500,2021-09-09
1631175545938,33,3221,42.0,3320,2021-09-09 08:19:05.938,2021-09-09
1631175577682,33,2177,82.0,1376,2021-09-09 08:19:37.682,2021-09-09
1631175577682,33,3221,42.0,3320,2021-09-09 08:19:37.682,2021-09-09
1631175609529,33,3221,0.0,2177,2021-09-09 08:20:09.529,2021-09-09
1631175609529,33,2177,82.0,1376,2021-09-09 08:20:09.529,2021-09-09
1631175639943,33,3221,0.0,2177,2021-09-09 08:20:39.943,2021-09-09
1631175639943,33,2177,82.0,1376,2021-09-09 08:20:39.943,2021-09-09
1631175671688,33,3221,0.0,2177,2021-09-09 08:21:11.688,2021-09-09
1631175671688,33,2177,231.0,1128,2021-09-09 08:21:11.688,2021-09-09
1631175704866,33,3221,0.0,2177,2021-09-09 08:21:44.866,2021-09-09
1631175704866,33,2177,97.0,6354,2021-09-09 08:21:44.866,2021-09-09
1631175704866,33,2177,0.0,3633,2021-09-09 08:21:44.866,2021-09-09
1631175737328,33,3221,0.0,2177,2021-09-09 08:22:17.328,2021-09-09
1631175737328,33,2177,211.0,6354,2021-09-09 08:22:17.328,2021-09-09
1631175737328,33,2177,0.0,3633,2021-09-09 08:22:17.328,2021-09-09
1631175769176,33,3221,0.0,2177,2021-09-09 08:22:49.176,2021-09-09
1631175769176,33,2177,1.0,3505,2021-09-09 08:22:49.176,2021-09-09
1631175769176,33,2177,0.0,3633,2021-09-09 08:22:49.176,2021-09-09
1631175799691,33,3221,0.0,2177,2021-09-09 08:23:19.691,2021-09-09
1631175799691,33,2177,1.0,3505,2021-09-09 08:23:19.691,2021-09-09
1631175799691,33,2177,0.0,3633,2021-09-09 08:23:19.691,2021-09-09
1631175830208,33,3221,0.0,2177,2021-09-09 08:23:50.208,2021-09-09
1631175830208,33,2177,1.0,3505,2021-09-09 08:23:50.208,2021-09-09
1631175830208,33,2177,0.0,3633,2021-09-09 08:23:50.208,2021-09-09
1631175862465,33,3221,0.0,2177,2021-09-09 08:24:22.465,2021-09-09
1631175862465,33,2177,39.0,3505,2021-09-09 08:24:22.465,2021-09-09
1631175862465,33,2177,0.0,3633,2021-09-09 08:24:22.465,2021-09-09
1631175894722,33,3221,0.0,2177,2021-09-09 08:24:54.722,2021-09-09
1631175894722,33,2177,457.0,3505,2021-09-09 08:24:54.722,2021-09-09
1631175894722,33,2177,0.0,3633,2021-09-09 08:24:54.722,2021-09-09
1631175925033,33,3221,0.0,2177,2021-09-09 08:25:25.033,2021-09-09
1631175925033,33,2177,457.0,3505,2021-09-09 08:25:25.033,2021-09-09
1631175925033,33,2177,0.0,3633,2021-09-09 08:25:25.033,2021-09-09
1631175957496,33,3221,0.0,2177,2021-09-09 08:25:57.496,2021-09-09
1631175957496,33,3221,0.0,2177,2021-09-09 08:25:57.496,2021-09-09
1631175957496,33,2177,0.0,3633,2021-09-09 08:25:57.496,2021-09-09
1631175989137,33,3221,0.0,2177,2021-09-09 08:26:29.137,2021-09-09
1631175989137,33,3221,0.0,2177,2021-09-09 08:26:29.137,2021-09-09
1631175989137,33,2177,0.0,3633,2021-09-09 08:26:29.137,2021-09-09
1631176019858,33,3221,0.0,2177,2021-09-09 08:26:59.858,2021-09-09
1631176019858,33,3221,0.0,2177,2021-09-09 08:26:59.858,2021-09-09
1631176019858,33,2177,0.0,3633,2021-09-09 08:26:59.858,2021-09-09
1631176052627,33,3221,0.0,2177,2021-09-09 08:27:32.627,2021-09-09
1631176052627,33,3221,0.0,2177,2021-09-09 08:27:32.627,2021-09-09
1631176052627,33,2177,0.0,3633,2021-09-09 08:27:32.627,2021-09-09
1631176084371,33,3221,0.0,2177,2021-09-09 08:28:04.371,2021-09-09
1631176084371,33,3221,0.0,2177,2021-09-09 08:28:04.371,2021-09-09
1631176084371,33,2177,0.0,3633,2021-09-09 08:28:04.371,2021-09-09
1631176116219,33,3221,0.0,2177,2021-09-09 08:28:36.219,2021-09-09
1631176116219,33,3221,0.0,2177,2021-09-09 08:28:36.219,2021-09-09
1631176116219,33,2177,0.0,3633,2021-09-09 08:28:36.219,2021-09-09
1631176208380,33,2177,34.0,3633,2021-09-09 08:30:08.380,2021-09-09
1631176238589,33,2177,34.0,3633,2021-09-09 08:30:38.589,2021-09-09
1631176270539,33,3221,0.0,6353,2021-09-09 08:31:10.539,2021-09-09
1631176270539,33,2177,34.0,3633,2021-09-09 08:31:10.539,2021-09-09
1631176300747,33,3221,44.0,6353,2021-09-09 08:31:40.747,2021-09-09
1631176300747,33,3221,0.0,2177,2021-09-09 08:31:40.747,2021-09-09
1631176300747,33,2177,406.0,3633,2021-09-09 08:31:40.747,2021-09-09
1631176331366,33,3221,260.0,6353,2021-09-09 08:32:11.366,2021-09-09
1631176331366,33,3221,0.0,2177,2021-09-09 08:32:11.366,2021-09-09
1631176331366,33,2177,454.0,3633,2021-09-09 08:32:11.366,2021-09-09
1631176362189,33,3221,356.0,6353,2021-09-09 08:32:42.189,2021-09-09
1631176362189,33,3221,0.0,2177,2021-09-09 08:32:42.189,2021-09-09
1631176362189,33,2177,1.0,2212,2021-09-09 08:32:42.189,2021-09-09
1631176394242,33,3221,87.0,3630,2021-09-09 08:33:14.242,2021-09-09
1631176394242,33,3221,0.0,2177,2021-09-09 08:33:14.242,2021-09-09
1631176394242,33,2177,90.0,2212,2021-09-09 08:33:14.242,2021-09-09
1631176425371,33,3221,232.0,3630,2021-09-09 08:33:45.371,2021-09-09
1631176425371,33,3221,0.0,2177,2021-09-09 08:33:45.371,2021-09-09
1631176425371,33,2177,238.0,2212,2021-09-09 08:33:45.371,2021-09-09
1631176458243,33,3221,232.0,3630,2021-09-09 08:34:18.243,2021-09-09
1631176458243,33,3221,0.0,2177,2021-09-09 08:34:18.243,2021-09-09
1631176458243,33,2177,0.0,2578,2021-09-09 08:34:18.243,2021-09-09
1631176490704,33,3221,125.0,1781,2021-09-09 08:34:50.704,2021-09-09
1631176490704,33,3221,0.0,2177,2021-09-09 08:34:50.704,2021-09-09
1631176490704,33,2177,67.0,2578,2021-09-09 08:34:50.704,2021-09-09
1631176521016,33,3221,143.0,1781,2021-09-09 08:35:21.016,2021-09-09
1631176521016,33,3221,0.0,2177,2021-09-09 08:35:21.016,2021-09-09
1631176521016,33,2177,141.0,2578,2021-09-09 08:35:21.016,2021-09-09
1631176553170,33,3221,143.0,1781,2021-09-09 08:35:53.170,2021-09-09
1631176553170,33,3221,0.0,2177,2021-09-09 08:35:53.170,2021-09-09
1631176553170,33,2177,219.0,2578,2021-09-09 08:35:53.170,2021-09-09
1631176583481,33,3221,143.0,1781,2021-09-09 08:36:23.481,2021-09-09
1631176583481,33,3221,0.0,2177,2021-09-09 08:36:23.481,2021-09-09
1631176583481,33,2177,219.0,2578,2021-09-09 08:36:23.481,2021-09-09
1631176615943,33,3221,143.0,1781,2021-09-09 08:36:55.943,2021-09-09
1631176615943,33,3221,0.0,2177,2021-09-09 08:36:55.943,2021-09-09
1631176615943,33,2177,219.0,2578,2021-09-09 08:36:55.943,2021-09-09
1631176646152,33,3221,143.0,1781,2021-09-09 08:37:26.152,2021-09-09
1631176646152,33,3221,0.0,2177,2021-09-09 08:37:26.152,2021-09-09
1631176646152,33,2177,219.0,2578,2021-09-09 08:37:26.152,2021-09-09
1631176678101,33,3221,0.0,2177,2021-09-09 08:37:58.101,2021-09-09
1631176710358,33,3221,0.0,2177,2021-09-09 08:38:30.358,2021-09-09
1631176804158,33,3221,120.0,3320,2021-09-09 08:40:04.158,2021-09-09
1631176804158,33,3221,0.0,2177,2021-09-09 08:40:04.158,2021-09-09
1631176804158,33,2177,158.0,1376,2021-09-09 08:40:04.158,2021-09-09
1631176835902,33,2177,0.0,3633,2021-09-09 08:40:35.902,2021-09-09
1631176835902,33,3221,0.0,2177,2021-09-09 08:40:35.902,2021-09-09
1631176835902,33,2177,0.0,1128,2021-09-09 08:40:35.902,2021-09-09
1631176866316,33,2177,0.0,3633,2021-09-09 08:41:06.316,2021-09-09
1631176866316,33,3221,0.0,2177,2021-09-09 08:41:06.316,2021-09-09
1631176866316,33,2177,0.0,1128,2021-09-09 08:41:06.316,2021-09-09
1631176898060,33,2177,0.0,3633,2021-09-09 08:41:38.060,2021-09-09
1631176898060,33,3221,0.0,2177,2021-09-09 08:41:38.060,2021-09-09
1631176898060,33,2177,0.0,1128,2021-09-09 08:41:38.060,2021-09-09
1631176928473,33,2177,0.0,3633,2021-09-09 08:42:08.473,2021-09-09
1631176928473,33,3221,0.0,2177,2021-09-09 08:42:08.473,2021-09-09
1631176928473,33,2177,0.0,1128,2021-09-09 08:42:08.473,2021-09-09
1631176959194,33,2177,0.0,3633,2021-09-09 08:42:39.194,2021-09-09
1631176959194,33,3221,0.0,2177,2021-09-09 08:42:39.194,2021-09-09
1631176959194,33,2177,0.0,1128,2021-09-09 08:42:39.194,2021-09-09
1631176990528,33,2177,0.0,3633,2021-09-09 08:43:10.528,2021-09-09
1631176990528,33,3221,0.0,2177,2021-09-09 08:43:10.528,2021-09-09
1631176990528,33,2177,0.0,1128,2021-09-09 08:43:10.528,2021-09-09
1631177021044,33,2177,0.0,3633,2021-09-09 08:43:41.044,2021-09-09
1631177021044,33,3221,0.0,2177,2021-09-09 08:43:41.044,2021-09-09
1631177021044,33,2177,0.0,1128,2021-09-09 08:43:41.044,2021-09-09
1631177582824,33,2177,3.0,2212,2021-09-09 08:53:02.824,2021-09-09
1631177582824,33,3221,291.0,3630,2021-09-09 08:53:02.824,2021-09-09
1631177582824,33,3221,0.0,2177,2021-09-09 08:53:02.824,2021-09-09
